<?xml version="1.0" encoding="UTF-8"?>
<project-private xmlns="http://www.netbeans.org/ns/project-private/1">
    <editor-bookmarks xmlns="http://www.netbeans.org/ns/editor-bookmarks/2" lastBookmarkId="0"/>
    <open-files xmlns="http://www.netbeans.org/ns/projectui-open-files/2">
        <group>
            <file>file:/Users/oloft/Undervisning/Dkgg-local/Kod/Projekt18/iMatMini/src/imatmini/IMatMini.java</file>
            <file>file:/Users/oloft/Undervisning/Dkgg-local/Kod/Projekt18/iMatMini/src/imatmini/Model.java</file>
            <file>file:/Users/oloft/Undervisning/Dkgg-local/Kod/Projekt18/iMatMini/src/imatmini/FXMLController.java</file>
            <file>file:/Users/oloft/Undervisning/Dkgg-local/Kod/Projekt18/iMatMini/src/imatmini/iMatMiniController.java</file>
            <file>file:/Users/oloft/Undervisning/Dkgg-local/Kod/Projekt18/iMatMini/src/imatmini/ProductPanel.java</file>
            <file>file:/Users/oloft/Undervisning/Dkgg-local/Kod/Projekt18/iMatMini/src/imatmini/iMatMini.fxml</file>
        </group>
    </open-files>
</project-private>
